{"cameraMode":{"drawMode":0,"name":"Shaded","section":"Shading Mode"},"sceneLighting":true,"audioPlay":false,"sceneViewState":{"showFog":true,"showMaterialUpdate":false,"showSkybox":true,"showFlares":true,"showImageEffects":true,"showParticleSystems":true},"in2DMode":false,"pivot":{"x":-3.4213061332702638,"y":-17.589988708496095,"z":10.965928077697754},"rotation":{"x":-0.4697929322719574,"y":0.12370706349611283,"z":-0.06668474525213242,"w":-0.8715184330940247},"size":42.82490539550781,"orthographic":true}