{"cameraMode":{"drawMode":0,"name":"Shaded","section":"Shading Mode"},"sceneLighting":true,"audioPlay":false,"sceneViewState":{"showFog":true,"showMaterialUpdate":false,"showSkybox":true,"showFlares":true,"showImageEffects":true,"showParticleSystems":true},"in2DMode":false,"pivot":{"x":2.63472318649292,"y":-0.4207904636859894,"z":2.5030770301818849},"rotation":{"x":-0.018809417262673379,"y":-0.0014023375697433949,"z":0.0000265740181930596,"w":-0.9998221397399902},"size":15.388786315917969,"orthographic":true}