{"cameraMode":{"drawMode":0,"name":"Shaded","section":"Shading Mode"},"sceneLighting":true,"audioPlay":false,"sceneViewState":{"showFog":true,"showMaterialUpdate":false,"showSkybox":true,"showFlares":true,"showImageEffects":true,"showParticleSystems":true},"in2DMode":false,"pivot":{"x":-1.056099534034729,"y":4.548329830169678,"z":3.2904553413391115},"rotation":{"x":-0.07373768091201782,"y":-0.9261555075645447,"z":0.25413978099823,"w":-0.26872265338897707},"size":13.826458930969239,"orthographic":false}