{"cameraMode":{"drawMode":0,"name":"Shaded","section":"Shading Mode"},"sceneLighting":true,"audioPlay":false,"sceneViewState":{"showFog":true,"showMaterialUpdate":false,"showSkybox":true,"showFlares":true,"showImageEffects":true,"showParticleSystems":true},"in2DMode":false,"pivot":{"x":0.90435791015625,"y":0.6878757476806641,"z":-0.6324987411499023},"rotation":{"x":-0.08359458297491074,"y":0.9089252948760986,"z":-0.2212826907634735,"w":-0.34336674213409426},"size":19.435773849487306,"orthographic":false}