{"cameraMode":{"drawMode":0,"name":"Shaded","section":"Shading Mode"},"sceneLighting":true,"audioPlay":false,"sceneViewState":{"showFog":true,"showMaterialUpdate":false,"showSkybox":true,"showFlares":true,"showImageEffects":true,"showParticleSystems":true},"in2DMode":false,"pivot":{"x":-2.3348007202148439,"y":0.3985903263092041,"z":-0.6891639232635498},"rotation":{"x":0.08574479073286057,"y":-0.6100339293479919,"z":0.06664127111434937,"w":0.7848984003067017},"size":31.619731903076173,"orthographic":false}