{"cameraMode":{"drawMode":0,"name":"Shaded","section":"Shading Mode"},"sceneLighting":true,"audioPlay":false,"sceneViewState":{"showFog":true,"showMaterialUpdate":false,"showSkybox":true,"showFlares":true,"showImageEffects":true,"showParticleSystems":true},"in2DMode":false,"pivot":{"x":-46.59559631347656,"y":-25.514951705932618,"z":70.60352325439453},"rotation":{"x":-0.1469837874174118,"y":0.27879083156585696,"z":-0.043222177773714069,"w":-0.9480524063110352},"size":102.67488861083985,"orthographic":false}